frame_idx,left_hand_x,left_hand_y,right_hand_x,right_hand_y
4,342.0538544654846,890.9030914306641,433.3751964569092,875.9750366210938
5,340.62228441238403,876.1713409423828,455.5467653274536,859.3344879150391
6,340.6617021560669,878.2667541503906,474.5845699310303,863.7311553955078
7,340.44070959091187,880.3667449951172,447.27221488952637,850.2845764160156
8,337.85902976989746,880.8243560791016,428.4455966949463,835.5112457275391
9,339.21908140182495,881.5392303466797,429.35003757476807,837.7261352539062
10,342.3965120315552,881.9154357910156,428.9100694656372,837.0246887207031
11,337.83233642578125,882.0503997802734,420.20713806152344,829.3769836425781
12,336.6531729698181,882.5334167480469,420.6316566467285,826.0711669921875
13,326.2377905845642,881.0545349121094,418.66918087005615,823.8633728027344
14,322.0988416671753,880.7595062255859,409.43706035614014,821.4057922363281
15,321.66709184646606,880.6925964355469,411.45472526550293,823.2915496826172
16,324.29986238479614,880.8683776855469,414.8412609100342,826.0346984863281
17,324.51770067214966,880.9354400634766,413.2337808609009,825.4393005371094
18,325.452675819397,881.04736328125,403.9614486694336,822.4395751953125
19,325.9350872039795,881.8044281005859,401.0772371292114,820.6639862060547
20,325.09064197540283,881.95068359375,398.2559394836426,819.8539733886719
21,324.60522651672363,881.9814300537109,395.35078525543213,820.2418518066406
22,324.9434208869934,881.8523406982422,394.6619510650635,820.8149719238281
23,324.5414113998413,880.4022979736328,378.8890600204468,825.2968597412109
24,324.6169424057007,879.8963928222656,377.1848487854004,825.7716369628906
25,325.1928663253784,880.3645324707031,380.0154161453247,825.6956481933594
26,325.11746406555176,880.4289245605469,378.83567333221436,825.5698394775391
30,355.98376750946045,880.5716705322266,412.70944118499756,872.7384185791016
40,331.6726756095886,880.3664398193359,464.34642791748047,877.6617431640625
42,320.93053579330444,882.4691009521484,454.42173957824707,868.3454132080078
43,324.09204483032227,875.8171844482422,420.8292818069458,831.2442779541016
44,334.0979075431824,873.2741546630859,403.88304233551025,829.150390625
45,340.7030725479126,874.5220184326172,414.6178436279297,829.3998718261719
46,339.3249535560608,875.2934265136719,420.07229804992676,834.5137023925781
53,323.0027675628662,875.4072570800781,466.47932052612305,873.4748077392578
54,330.1910662651062,877.7086639404297,465.09843349456787,863.741455078125
55,333.15924167633057,878.7140655517578,459.4466972351074,858.8459014892578
56,331.59926891326904,878.8023376464844,436.137056350708,841.4112091064453
57,330.7877826690674,879.0286254882812,424.324951171875,838.7147521972656
58,329.16165590286255,878.5990905761719,427.5574207305908,842.4917602539062
59,334.9819850921631,885.0136566162109,431.72947883605957,840.8381652832031
60,333.66300344467163,883.7762451171875,428.925518989563,844.2092132568359
61,332.8080439567566,883.6057281494141,402.4106168746948,839.7509765625
62,340.7051968574524,884.0709686279297,418.35662841796875,833.9077758789062
63,343.9994430541992,887.4514007568359,420.8739137649536,831.8936157226562
64,341.00523948669434,887.4286651611328,414.1419553756714,828.2118225097656
65,340.3906273841858,888.9506530761719,418.88847827911377,830.8972930908203
66,339.5036315917969,889.6611022949219,426.66576862335205,833.1101989746094
67,339.34070348739624,889.1966247558594,424.29083347320557,832.4473571777344
68,339.0078091621399,888.9598083496094,423.2525825500488,830.37109375
69,337.07990169525146,888.8718414306641,415.98315238952637,829.4812774658203
70,334.3621802330017,888.8365173339844,411.1683940887451,827.7409362792969
71,333.3829593658447,888.6723327636719,407.6899766921997,823.7519836425781
72,333.166880607605,888.3952331542969,411.2163305282593,825.2427673339844
73,332.473304271698,888.35693359375,410.59229850769043,826.0447692871094
74,332.53231287002563,888.1755065917969,411.99687480926514,826.4795684814453
75,335.1578092575073,889.2177581787109,414.1276216506958,827.0030212402344
76,334.7247076034546,887.8254699707031,415.66137313842773,825.8448028564453
77,335.10000228881836,887.3451232910156,417.65461921691895,825.9302520751953
78,335.16737937927246,886.7401123046875,417.84039974212646,825.90087890625
79,336.5736937522888,887.1519470214844,417.8350353240967,826.0111999511719
80,336.5636086463928,887.3649597167969,413.1180810928345,826.1894226074219
81,340.18152236938477,889.4139862060547,416.89454555511475,835.0062561035156
83,322.68824100494385,877.0161437988281,415.5312967300415,835.6558990478516
84,333.0137586593628,884.4293975830078,438.73124599456787,872.9588317871094
86,327.52381324768066,881.258544921875,426.9093990325928,836.7639923095703
88,323.7233376502991,883.4769439697266,434.3031120300293,861.2407684326172
90,327.10564613342285,888.6009979248047,446.65449142456055,861.9888305664062
95,337.6983118057251,870.9375762939453,443.7000274658203,862.4836730957031
97,329.8366928100586,881.260986328125,373.77659797668457,847.1136474609375
98,335.7859182357788,890.6472778320312,444.1656160354614,852.7153778076172
99,340.841646194458,892.0994567871094,438.91921520233154,852.5514984130859
100,342.0711064338684,891.688232421875,435.90595722198486,852.5947570800781
101,341.9269323348999,891.1804962158203,419.8322296142578,849.3860626220703
102,340.72564601898193,890.5792236328125,390.00417709350586,849.3138122558594
107,328.60570907592773,879.0203094482422,427.94601917266846,840.5765533447266
108,338.5526704788208,890.1807403564453,436.18284702301025,845.9855651855469
109,340.4501938819885,892.0830535888672,442.7461910247803,857.1450805664062
110,338.5294532775879,891.0883331298828,439.9431324005127,862.3780822753906
111,338.64590406417847,891.9936370849609,437.90478229522705,863.0265808105469
112,337.78751134872437,892.3170471191406,418.7148427963257,854.8078918457031
113,337.6920247077942,892.7960205078125,415.56910514831543,853.9698791503906
114,337.20431327819824,893.2320404052734,410.6618642807007,853.6032104492188
115,341.7355942726135,894.6714782714844,427.0411491394043,852.9605102539062
117,357.56030559539795,864.0785980224609,456.5459632873535,864.8221588134766
118,331.49627208709717,873.2200622558594,410.91798305511475,853.2444000244141
119,334.39664125442505,878.1776428222656,430.06715297698975,853.7727355957031
122,323.3699941635132,878.1105804443359,438.30196380615234,839.586181640625
124,359.69515085220337,876.7316436767578,444.95667457580566,864.1096496582031
126,338.71338844299316,888.0009460449219,450.613431930542,863.4132385253906
127,346.4120578765869,883.2777404785156,459.7147035598755,859.8835754394531
128,345.1526427268982,883.4127807617188,459.3313407897949,857.2389221191406
132,335.92723846435547,867.1817779541016,442.9351043701172,857.7735900878906
133,336.4669418334961,881.7460632324219,447.2943162918091,861.8758392333984
134,337.4619126319885,886.8992614746094,449.9600887298584,859.5513153076172
135,337.47802734375,888.7422180175781,439.9826145172119,849.8217010498047
136,337.4606251716614,889.5736694335938,432.72047996520996,847.7597045898438
137,337.9195833206177,891.7256927490234,416.81931495666504,848.6419677734375
138,340.84359884262085,894.0121459960938,424.7712707519531,855.8061981201172
139,338.2652235031128,892.6992797851562,406.61949634552,846.9158172607422
140,338.41787338256836,892.6435089111328,415.9317398071289,843.8700866699219
143,359.6216368675232,839.6253204345703,364.21226978302,876.3672637939453
144,330.2447533607483,880.9003448486328,389.7556972503662,846.8831634521484
145,334.0697979927063,888.9902496337891,427.0158290863037,850.8367156982422
146,337.3066449165344,890.4566955566406,431.9955539703369,852.9403686523438
147,330.3220868110657,883.2603454589844,392.5759220123291,845.6086730957031
148,333.6557078361511,890.8363342285156,394.7592830657959,832.4689483642578
149,335.8335542678833,888.8240814208984,408.0390501022339,835.0933837890625
150,336.59942150115967,890.0228118896484,388.1605339050293,834.9687194824219
152,348.88638496398926,846.9108581542969,381.9092273712158,862.3392486572266
153,334.3446922302246,885.1149749755859,412.83775806427,833.8459777832031
154,327.5418162345886,887.340087890625,414.12938117980957,818.3156585693359
155,329.6958017349243,888.5813903808594,411.4318084716797,823.4211730957031
156,332.95934200286865,891.3422393798828,413.0541801452637,826.5892028808594
157,334.52991485595703,894.3785095214844,416.44453525543213,831.1965179443359
158,336.24942541122437,896.2495422363281,412.77098178863525,833.7928009033203
160,361.3217496871948,829.267578125,381.9599962234497,859.9375152587891
166,349.9548053741455,872.830810546875,452.11199283599854,873.8093566894531
171,338.24475288391113,877.545166015625,399.3965005874634,851.7081451416016
172,337.22866773605347,885.8000946044922,439.0030288696289,862.4386596679688
173,338.5671329498291,885.2067565917969,434.6770763397217,854.4385528564453
174,335.4089069366455,884.2875671386719,398.5104274749756,839.0625762939453
175,333.253698348999,883.9221954345703,390.72094917297363,833.7869262695312
176,332.76394844055176,881.9680023193359,393.42689037323,834.9446868896484
177,332.9375624656677,882.4322509765625,392.00167179107666,836.7832946777344
178,333.1147813796997,880.1033020019531,375.6863737106323,840.5960845947266
179,329.95906591415405,877.2689819335938,378.1663656234741,841.1178588867188
180,327.78445959091187,877.2379302978516,382.99623012542725,837.0011901855469
181,327.9785227775574,877.3545837402344,385.6048822402954,836.6209411621094
182,328.2740807533264,877.8455352783203,398.5991334915161,834.3482208251953
183,331.0870957374573,887.3829650878906,398.22285175323486,834.9756622314453
184,334.82004404067993,889.6513366699219,402.4941301345825,838.4865570068359
185,336.5388894081116,890.1350402832031,406.96045875549316,828.6602020263672
186,336.5775990486145,890.0537872314453,406.10215187072754,829.1972351074219
188,322.37783432006836,872.3181915283203,428.79634380340576,848.2102966308594
190,325.30981063842773,867.2030639648438,389.3422508239746,850.7734680175781
191,335.62062978744507,879.9485778808594,390.85896492004395,849.7793579101562
192,335.33539295196533,884.6858215332031,409.17596340179443,835.6958770751953
193,337.9327368736267,885.3537750244141,410.2545118331909,827.3580169677734
194,342.9385757446289,884.5180511474609,414.85533714294434,825.1686859130859
195,340.78315258026123,885.2992248535156,418.1190061569214,828.3174133300781
196,342.4550485610962,887.1773529052734,414.89928245544434,828.8185119628906
197,341.2010407447815,887.412109375,413.1594944000244,827.16552734375
198,341.9553852081299,887.9572296142578,411.5034341812134,825.1645660400391
199,345.53287267684937,891.5788269042969,411.69093132019043,827.1070098876953
200,344.1805672645569,891.0362243652344,410.9961748123169,827.5131225585938
202,361.5648651123047,835.6188201904297,411.79118156433105,859.8005676269531
203,329.031343460083,874.0821838378906,399.93088245391846,821.7665100097656
204,326.74221754074097,876.8264007568359,393.5737466812134,822.2054290771484
205,329.72541332244873,884.6968078613281,397.77095317840576,823.1724548339844
206,329.10953521728516,883.4014129638672,398.5335159301758,824.7858428955078
207,329.9786353111267,883.7828063964844,396.59035205841064,823.8156890869141
208,330.59807538986206,880.6886291503906,397.264723777771,825.6464385986328
209,330.42656421661377,880.9282684326172,398.6789131164551,827.6100921630859
210,330.3012728691101,881.9143676757812,406.9431209564209,818.1095886230469
211,331.08570098876953,881.8347930908203,406.9768953323364,819.1609191894531
212,331.6882538795471,879.9585723876953,406.7138671875,816.7580413818359
213,331.59873247146606,878.8254547119141,407.52513885498047,814.8889923095703
214,328.98767709732056,878.1375122070312,402.7320957183838,815.3715515136719
215,329.1646385192871,878.3486175537109,398.8194179534912,815.7123565673828
216,329.7775340080261,878.9331817626953,399.33629035949707,815.3324890136719
217,330.7041621208191,878.6985778808594,399.7615385055542,816.5545654296875
218,330.74302196502686,878.5007476806641,399.75050926208496,817.2203063964844
219,329.7590374946594,877.4366760253906,394.23704624176025,817.557373046875
220,330.54471015930176,878.1789398193359,392.2222137451172,819.2774200439453
221,329.55536127090454,877.1867370605469,393.20355892181396,820.57373046875
222,332.5325059890747,878.5246276855469,400.3416681289673,820.1678466796875
223,332.79274463653564,879.1002655029297,409.87282276153564,820.8003234863281
224,332.913293838501,879.169921875,407.5253963470459,819.3251800537109
225,332.3262333869934,879.0949249267578,406.51289463043213,818.9264678955078
226,332.1549153327942,879.0830230712891,409.51756954193115,818.9888763427734
227,333.89251470565796,880.0630187988281,408.70179176330566,819.0573120117188
228,334.258668422699,880.41259765625,408.7841463088989,820.2043151855469
229,334.2213535308838,881.1724853515625,410.7031488418579,819.1896057128906
230,334.2401075363159,882.8713226318359,413.19944858551025,819.2179107666016
231,333.94416332244873,883.9570617675781,412.5817680358887,818.0738067626953
232,333.98589849472046,884.1453552246094,415.3259468078613,818.1570434570312
233,334.85626459121704,884.3685150146484,416.63816928863525,818.7074279785156
234,335.8386182785034,884.521484375,415.99358081817627,818.714599609375
235,335.98639726638794,884.3524932861328,418.8061237335205,820.5109405517578
236,339.91209983825684,885.1588439941406,421.95765495300293,821.7262268066406
238,338.30957651138306,873.3486938476562,398.71406078338623,854.4284820556641
240,395.07359504699707,815.0108337402344,317.49799489974976,867.6400756835938
241,403.41487884521484,814.1354370117188,325.75778245925903,867.6728057861328
242,412.73210048675537,816.2651062011719,328.485803604126,866.7933654785156
243,408.9201021194458,816.1237335205078,327.8166890144348,868.0077362060547
244,407.9347229003906,815.5829620361328,326.7135286331177,868.0052947998047
245,403.98900032043457,815.8238220214844,324.82475996017456,867.7482604980469
246,400.5978298187256,814.8059844970703,324.65704679489136,867.2042846679688
247,394.3920135498047,811.2934875488281,328.3412432670593,866.6459655761719
248,389.98276233673096,810.93505859375,325.01184940338135,866.5975952148438
249,372.9075622558594,822.4086761474609,326.2920141220093,865.3594970703125
250,369.14448738098145,829.6567535400391,327.6969337463379,864.2518615722656
251,375.63517570495605,826.8357849121094,328.64240169525146,865.63232421875
252,374.51478481292725,824.9398803710938,329.2342472076416,864.9356842041016
253,375.8424139022827,822.1443176269531,329.1422152519226,864.2219543457031
254,389.32538509368896,819.0316009521484,332.8806781768799,864.1390991210938
255,393.82874965667725,818.8494110107422,332.3902630805969,863.8758850097656
256,406.7482852935791,814.1321563720703,325.9395718574524,865.6695556640625
257,406.664342880249,815.2111053466797,324.2919659614563,866.8603515625
258,415.21398067474365,819.5421600341797,324.17609453201294,869.0406799316406
259,428.9678764343262,825.0048828125,328.6142921447754,872.2055053710938
260,427.5409412384033,835.5168151855469,335.03955602645874,871.5445709228516
261,418.8801097869873,830.0301361083984,333.637318611145,871.0760498046875
263,550.3324699401855,891.6371154785156,630.9927177429199,875.6359100341797
264,550.3719520568848,888.9533996582031,647.0067930221558,875.7552337646484
265,551.7010402679443,884.5335388183594,650.1743316650391,878.8223266601562
266,553.1305503845215,880.1994323730469,653.1372499465942,879.4810485839844
267,561.7999219894409,874.3000793457031,647.4143171310425,867.9741668701172
268,571.1795854568481,873.8037872314453,639.2985963821411,868.8271331787109
269,569.7274589538574,874.1586303710938,635.5436325073242,869.4447326660156
270,567.6016902923584,875.0468444824219,630.4130172729492,872.4394226074219
271,568.2520294189453,888.0705261230469,628.1372165679932,884.2588806152344
272,566.9263744354248,888.1822204589844,619.696798324585,883.1646728515625
273,566.069827079773,893.2911682128906,618.4864568710327,886.632080078125
274,566.5630531311035,892.4662780761719,618.4427690505981,885.5543518066406
275,566.8566799163818,889.9362182617188,614.4049072265625,881.2345123291016
276,566.4994955062866,884.5845794677734,611.6342067718506,875.1115417480469
277,569.714241027832,889.9195861816406,611.9069766998291,876.7733001708984
278,569.9526786804199,886.9104766845703,610.1937961578369,872.5843048095703
279,569.5436954498291,884.1635894775391,608.3082246780396,873.0149841308594
280,561.6440963745117,879.2162322998047,607.477126121521,873.10546875
281,561.9698667526245,879.5887756347656,608.5422849655151,875.3191375732422
282,558.8713788986206,874.4847106933594,606.2194919586182,875.0822448730469
283,557.2444581985474,893.5195159912109,595.459713935852,885.9895324707031
284,556.7344522476196,899.5250701904297,594.4541645050049,890.0777435302734
285,554.7347259521484,903.0615234375,589.5824575424194,895.6039428710938
286,555.3769540786743,899.4700622558594,590.2823638916016,895.3556823730469
287,565.7762432098389,897.3670196533203,573.6942958831787,892.923583984375
288,579.6632194519043,896.3117980957031,545.9939002990723,891.6433715820312
289,581.5614080429077,900.5391693115234,545.1054668426514,892.1694183349609
290,584.3013381958008,910.1826477050781,548.7088537216187,898.2358551025391
291,582.8718280792236,906.2050628662109,559.2771005630493,898.7757110595703
292,585.0955724716187,908.8331604003906,565.8684253692627,917.4710083007812
293,565.8508729934692,909.9629211425781,579.7440719604492,925.5785369873047
294,554.3569421768188,907.9882049560547,585.5367851257324,925.5384826660156
295,554.424147605896,906.9743347167969,590.7588958740234,920.1277160644531
296,555.5690860748291,889.2201232910156,589.6174335479736,917.3133850097656
297,558.8036584854126,889.8698425292969,587.8305673599243,916.754150390625
298,570.1298761367798,890.1815795898438,587.5330352783203,909.4200134277344
299,571.6026449203491,890.902099609375,590.748553276062,915.9976196289062
300,571.2484645843506,891.6588592529297,590.5712270736694,921.0667419433594
301,564.7290658950806,900.0966644287109,590.4383611679077,923.0766296386719
302,569.7333383560181,899.6956634521484,591.0703754425049,924.9427795410156
303,569.7768115997314,896.2718200683594,597.0715284347534,924.6357727050781
304,571.5540218353271,895.9792327880859,598.1691741943359,918.6540985107422
305,571.3828325271606,890.9642791748047,598.754711151123,915.7476806640625
306,559.0793037414551,889.0025329589844,597.8268384933472,912.9825592041016
307,554.0907382965088,885.0416564941406,599.2000865936279,912.5457763671875
308,565.8966207504272,885.8464050292969,598.8596391677856,912.1375274658203
309,570.5151271820068,886.109619140625,598.4796237945557,911.9353485107422
310,573.4052181243896,886.6043090820312,598.2337617874146,911.3676452636719
311,565.681529045105,886.8741607666016,598.0087995529175,911.1818695068359
312,565.3954553604126,886.9534301757812,597.939019203186,910.9197235107422
313,559.3176984786987,887.4098205566406,597.8105306625366,910.897216796875
314,558.6032867431641,888.0242156982422,597.7848672866821,910.9454345703125
315,544.2356586456299,895.4659271240234,598.132438659668,910.5378723144531
316,545.8970403671265,894.8914337158203,599.5874834060669,910.4969787597656
317,547.7323150634766,893.6433410644531,599.4235038757324,910.2108764648438
318,549.7736263275146,886.9068145751953,598.9588165283203,910.1205444335938
319,550.2341938018799,882.4204254150391,598.2398128509521,910.0968933105469
320,542.5511884689331,895.6193542480469,594.7516536712646,910.8712768554688
321,535.3935098648071,912.6205444335938,593.8951921463013,917.2930908203125
322,538.6939573287964,914.0200805664062,591.1215305328369,921.2487030029297
323,533.3599662780762,904.0775299072266,590.4941940307617,920.5857086181641
324,529.9554920196533,909.7056579589844,590.8794450759888,921.4047241210938
325,528.7878513336182,913.9182281494141,592.0587158203125,923.5607147216797
326,529.1697549819946,882.5319671630859,591.9261503219604,922.2953033447266
327,531.1611986160278,865.7347106933594,586.6557168960571,916.177978515625
328,537.3301935195923,876.9550323486328,585.865044593811,914.8549652099609
329,536.271858215332,879.8856353759766,585.9234523773193,909.7087097167969
330,532.3818826675415,877.2801971435547,586.2801647186279,899.4828796386719
331,532.566032409668,878.7904357910156,584.0350914001465,890.0425720214844
332,532.8941202163696,877.8013610839844,580.1417684555054,884.4215393066406
333,528.879861831665,882.6419067382812,580.8515453338623,884.8916625976562
334,529.8755407333374,880.5168151855469,585.4193258285522,879.8764038085938
335,527.0544576644897,880.3704071044922,586.0066652297974,883.5362243652344
336,520.8107900619507,876.1307525634766,563.3362913131714,880.5003356933594
337,519.9067783355713,876.7658996582031,573.0763149261475,876.8785095214844
338,521.5500497817993,880.6513214111328,582.337532043457,880.0669860839844
339,520.4787540435791,877.6154327392578,582.4790239334106,885.5731964111328
340,518.7629985809326,877.1231842041016,583.0097150802612,887.1023559570312
341,518.2416200637817,876.4591979980469,580.6806564331055,887.2575378417969
342,518.8765096664429,878.7748718261719,578.1494235992432,887.4170684814453
343,530.4202222824097,881.9120788574219,583.0488109588623,888.7326049804688
344,529.7615146636963,881.8553161621094,583.0020332336426,888.7424468994141
345,527.0877170562744,881.0009765625,581.6341066360474,888.7891387939453
346,529.3938589096069,880.8623504638672,582.7407646179199,890.9748840332031
347,518.7224864959717,869.1014862060547,584.4901657104492,893.4195709228516
348,529.9207735061646,870.9767150878906,586.4272356033325,895.1053619384766
349,546.4274311065674,881.6311645507812,588.8480043411255,894.9317932128906
350,527.617506980896,864.9703216552734,589.6668720245361,899.8126983642578
351,515.401611328125,860.0862121582031,590.17258644104,900.7932281494141
352,512.78883934021,857.7474975585938,589.8202085494995,900.0321960449219
353,515.5988931655884,861.2852478027344,589.6765279769897,894.6792602539062
354,516.4551830291748,862.216796875,589.6264457702637,893.8941955566406
355,529.2773866653442,869.3785858154297,591.1813545227051,892.9609680175781
356,553.4303569793701,900.4136657714844,593.8793992996216,898.0039978027344
357,545.6752109527588,892.2250366210938,593.995099067688,898.1703948974609
358,544.3046236038208,891.6972351074219,595.1986598968506,896.8015289306641
359,536.8382120132446,896.4441680908203,598.829083442688,897.3143005371094
360,529.7025060653687,892.3936462402344,598.2283973693848,899.4618225097656
361,529.97398853302,878.1191253662109,597.4542903900146,899.4284820556641
362,519.3906354904175,826.2857055664062,598.6594820022583,891.3163757324219
363,522.1204376220703,799.0426635742188,599.7079038619995,878.9714050292969
364,533.1051778793335,770.9885406494141,599.2660045623779,883.0586242675781
365,537.4019908905029,750.9062194824219,599.8809385299683,884.8291778564453
366,538.4565925598145,738.1740570068359,599.5980405807495,885.2232360839844
367,544.2989587783813,726.2714385986328,600.9576416015625,880.0245666503906
368,542.8376054763794,729.9717712402344,605.3167247772217,879.3083190917969
369,546.6125679016113,726.1865997314453,605.0904750823975,876.7225646972656
370,550.5043458938599,725.6770324707031,604.4667863845825,877.7083587646484
371,552.1795463562012,730.2410125732422,604.0205526351929,877.7930450439453
372,553.172435760498,728.9524841308594,603.8767004013062,874.3087768554688
373,555.1413059234619,729.0299224853516,603.3722734451294,874.4791412353516
374,554.8118877410889,728.1497192382812,602.4096822738647,871.9953918457031
375,556.3551235198975,727.5551605224609,599.3316221237183,873.0889892578125
376,556.5280723571777,727.5514221191406,599.3692588806152,871.2904357910156
377,555.6822109222412,727.8076934814453,598.9543962478638,869.6633911132812
378,555.3977680206299,729.5172882080078,598.9831495285034,868.3895111083984
379,555.6670618057251,728.9512634277344,610.1654720306396,871.6610717773438
380,555.6770610809326,729.0465545654297,614.452714920044,872.7772521972656
381,556.0778045654297,729.9475860595703,618.3508443832397,872.8999328613281
382,557.1937322616577,730.5033111572266,616.571102142334,873.2553100585938
383,568.6208009719849,731.17431640625,611.4154243469238,889.90478515625
384,569.3236684799194,730.4344940185547,616.1790704727173,916.1377716064453
385,570.8624410629272,729.1377258300781,626.8121194839478,911.2950134277344
386,568.5330390930176,725.5978393554688,637.9101133346558,904.1788482666016
387,567.9219245910645,724.1317749023438,642.535400390625,900.1973724365234
388,589.5000171661377,720.8109283447266,642.1142721176147,886.0262298583984
389,608.859601020813,775.6211853027344,651.9019746780396,813.314208984375
390,599.850640296936,765.0334930419922,648.8266181945801,787.1984100341797
391,574.687614440918,745.8673095703125,669.6661376953125,759.9994659423828
392,573.0273485183716,738.14697265625,671.366400718689,747.2760009765625
393,572.2418689727783,732.4879455566406,667.9566049575806,725.4783630371094
394,569.4128465652466,727.2468566894531,662.7642345428467,711.7029571533203
395,568.2379102706909,721.9392395019531,644.7813320159912,682.2605895996094
396,567.4268102645874,724.8477935791016,630.8956861495972,671.7910766601562
397,568.1049156188965,726.3540649414062,622.0801448822021,666.0347747802734
398,597.2979068756104,736.3481140136719,616.3603019714355,662.0674133300781
399,612.5137138366699,757.7720642089844,608.815655708313,661.9077301025391
400,614.0491819381714,751.0733032226562,605.9751749038696,663.5591125488281
401,613.0720853805542,748.8393402099609,603.0747842788696,663.0339050292969
402,605.0465726852417,748.3354187011719,602.401442527771,663.7313079833984
403,566.0857486724854,739.1166687011719,602.4717807769775,662.2219848632812
404,557.357497215271,736.3331604003906,602.6485061645508,661.2318420410156
405,557.0484209060669,735.6810760498047,604.1048383712769,662.3200988769531
406,564.0240526199341,738.9169311523438,605.1110744476318,663.4176635742188
407,559.2529821395874,735.8238220214844,605.9323883056641,663.5897064208984
408,556.5662240982056,732.8365325927734,606.3240337371826,662.2130584716797
409,560.4635810852051,733.2083892822266,606.7583799362183,663.0039215087891
410,562.0241546630859,733.3582305908203,606.907639503479,662.3225402832031
411,556.9087314605713,727.9939270019531,606.9357919692993,661.6513061523438
412,553.580002784729,728.6183166503906,606.9131326675415,660.4782867431641
413,553.6502552032471,726.0508728027344,606.3928699493408,659.1120910644531
414,550.8178853988647,724.6527862548828,606.2550258636475,658.1739044189453
415,551.1233997344971,725.0246429443359,606.3293552398682,657.6637268066406
416,538.0324602127075,711.7414855957031,606.403341293335,657.9034423828125
417,539.5128679275513,712.0177459716797,606.6339683532715,658.4300231933594
418,541.363034248352,714.808349609375,606.6922044754028,658.5963439941406
419,536.1569309234619,702.5139617919922,606.772027015686,658.4294128417969
420,535.6114339828491,704.2222595214844,606.9045495986938,658.0077362060547
421,537.8895092010498,705.8751678466797,607.0037698745728,658.0640411376953
422,538.2572078704834,704.3195343017578,607.1656894683838,658.4796905517578
423,526.6129016876221,698.4940338134766,607.1980047225952,658.8648223876953
424,531.0727071762085,709.0616607666016,607.1994638442993,659.3069458007812
425,533.1193828582764,704.5613098144531,607.2137546539307,659.3898773193359
426,533.5033464431763,704.7771453857422,607.2075319290161,660.2493286132812
427,556.6778469085693,757.0969390869141,607.1876192092896,661.3453674316406
428,553.1794309616089,772.5038146972656,607.1682214736938,662.4172973632812
429,551.3031721115112,791.6542053222656,607.1656894683838,662.8248596191406
430,555.1020383834839,818.6993408203125,607.2739219665527,663.0977630615234
431,555.530891418457,785.2118682861328,607.662091255188,663.0781555175781
432,563.6666107177734,782.1978759765625,608.095235824585,662.9120635986328
433,546.9564056396484,735.9162902832031,608.7145900726318,661.5580749511719
434,548.5774040222168,766.3398742675781,608.9876174926758,661.5113067626953
435,551.3349723815918,739.6157836914062,609.1849851608276,660.8533477783203
436,536.5832948684692,718.5362243652344,609.1822385787964,659.6412658691406
437,538.1109523773193,723.08349609375,610.7263326644897,659.6249389648438
438,534.1498231887817,710.3096008300781,612.4277973175049,659.6389007568359
439,530.9853315353394,717.4904632568359,611.9503211975098,659.7751617431641
440,530.9395837783813,712.615966796875,610.9874725341797,661.6979217529297
441,522.8052806854248,712.9502868652344,610.1129865646362,663.1581115722656
442,526.5288734436035,708.1736755371094,608.0039548873901,668.5337066650391
443,527.5475549697876,712.6640319824219,606.2276029586792,673.1398010253906
444,521.3757276535034,706.7609405517578,601.5786266326904,669.0863800048828
445,554.0996646881104,722.0169830322266,599.7330951690674,674.0470123291016
446,560.6119394302368,723.4769439697266,600.7219934463501,675.8603668212891
447,559.3269681930542,723.6576080322266,617.3869228363037,683.9402770996094
448,558.435788154602,726.8804931640625,623.296365737915,689.9839019775391
449,558.1596279144287,725.2386474609375,619.265627861023,678.1459045410156
450,558.6660718917847,719.3003845214844,624.0607309341431,679.4712829589844
451,558.3893966674805,719.0254211425781,624.8312330245972,678.8684844970703
452,557.1987962722778,719.1847229003906,630.4014730453491,683.2099914550781
453,557.8857421875,718.8117980957031,628.3799457550049,678.5404968261719
454,557.9100322723389,718.82080078125,626.0454797744751,678.3820343017578
455,559.9869203567505,718.7303161621094,622.6783847808838,670.9745788574219
456,561.2671709060669,719.4358825683594,620.9921979904175,674.4584655761719
457,561.6862392425537,719.9529266357422,619.2960977554321,675.8477020263672
458,561.0455989837646,720.3961181640625,616.3451528549194,677.8346252441406
459,548.7003993988037,711.8460083007812,606.0102367401123,671.4380645751953
460,523.1552124023438,696.1600494384766,602.8213691711426,666.8968200683594
461,518.1799507141113,664.7793579101562,600.7855939865112,653.2203674316406
462,507.2078275680542,623.7666702270508,597.8204870223999,645.7717895507812
463,486.9453477859497,598.1631469726562,593.452091217041,652.3744201660156
464,483.2124853134155,578.6630249023438,591.4093637466431,653.5546875
465,473.7126588821411,566.5474700927734,590.3383255004883,652.4087524414062
466,457.09068775177,557.8372955322266,590.8029699325562,652.0722961425781
467,433.3721923828125,547.5444412231445,592.9030752182007,652.4006652832031
468,426.8436098098755,542.7863311767578,591.6254425048828,652.4117279052734
469,424.1059112548828,538.1365203857422,592.5895357131958,656.1331939697266
470,423.83039474487305,535.4013824462891,591.0508489608765,658.1885528564453
471,422.209267616272,534.2388153076172,591.4315938949585,658.4973907470703
472,421.040940284729,534.6791839599609,591.8094635009766,658.8549041748047
473,417.91820526123047,534.7434234619141,591.9818115234375,658.8709259033203
474,416.03379249572754,536.947021484375,592.2659111022949,659.1639709472656
475,414.2748212814331,538.3891677856445,591.8433666229248,659.0067291259766
476,415.7079792022705,537.8981781005859,590.9566497802734,658.5304260253906
477,416.0214328765869,538.5577392578125,591.075611114502,658.5284423828125
478,415.1089668273926,538.9435577392578,590.6884288787842,658.3349609375
479,412.52469062805176,540.911979675293,590.80726146698,656.1924743652344
480,409.9598550796509,541.990852355957,591.8289041519165,656.123046875
481,408.6351442337036,544.515495300293,592.2207641601562,655.8378601074219
482,406.253342628479,553.1320190429688,592.6379442214966,655.0547790527344
483,405.19457817077637,570.812873840332,592.4783420562744,654.8931121826172
484,405.29534339904785,588.4700393676758,592.5416421890259,654.1377258300781
485,406.92265033721924,598.5380172729492,591.8490743637085,653.5860443115234
486,407.8203535079956,609.3350219726562,593.3184099197388,653.3073425292969
487,425.1124906539917,631.8095016479492,594.4670391082764,653.3444976806641
488,431.00322246551514,636.8476104736328,595.4291582107544,653.3573150634766
489,440.51008701324463,649.3160247802734,595.3780460357666,652.4669647216797
490,452.90584087371826,661.6561889648438,595.3189516067505,650.5873870849609
491,463.11995029449463,674.2863464355469,595.0102615356445,649.8554992675781
492,468.9833450317383,675.6924438476562,596.257381439209,649.2851257324219
493,472.738995552063,671.3798522949219,597.6711845397949,649.1579437255859
494,476.32598876953125,666.3739013671875,597.490725517273,648.7283325195312
495,488.4385871887207,648.1554412841797,595.8479690551758,647.9338836669922
496,498.2425117492676,647.816162109375,594.9046468734741,647.6463317871094
497,500.7589817047119,634.0243530273438,596.7708206176758,647.7762603759766
498,505.30689239501953,643.0103302001953,599.6170091629028,647.8910064697266
499,509.63889598846436,636.5293121337891,600.8787202835083,647.9539489746094
500,514.4680738449097,627.916145324707,600.9297466278076,647.6570129394531
501,514.5656204223633,601.9692230224609,598.9620780944824,645.3949737548828
502,509.27789211273193,590.2220916748047,596.9987869262695,645.4555511474609
503,507.14439868927,575.80322265625,595.0974225997925,644.6795654296875
504,506.7523241043091,574.2055130004883,597.8875637054443,645.9405517578125
505,504.8608732223511,578.2680130004883,594.2471408843994,646.7717742919922
506,506.8133068084717,574.1223907470703,592.9981756210327,647.6332092285156
507,507.4754476547241,572.1294403076172,592.5028896331787,647.742919921875
508,508.0103015899658,571.2142181396484,595.4005336761475,647.7765655517578
509,507.4978494644165,570.944938659668,595.1989603042603,648.0451965332031
510,507.0315742492676,567.5874710083008,595.0673389434814,648.3496856689453
511,505.82024574279785,566.3967132568359,597.4496555328369,649.5960998535156
512,504.4492292404175,565.2339935302734,597.3439979553223,650.5631256103516
513,503.87497901916504,564.56298828125,596.6764068603516,652.9014587402344
514,504.0129518508911,564.6832275390625,596.5890312194824,652.8234100341797
515,504.11757946014404,565.0835037231445,596.5969276428223,654.4312286376953
516,504.3139171600342,565.8579635620117,595.9788179397583,658.6949157714844
517,505.1607656478882,566.5810012817383,595.9564161300659,659.3911743164062
518,505.4664945602417,567.0720291137695,594.504075050354,661.700439453125
519,505.4438352584839,567.3812103271484,593.0086469650269,666.1354064941406
520,505.4143953323364,568.7714767456055,592.3573207855225,669.5254516601562
521,505.4906129837036,569.6179962158203,595.1761293411255,669.9363708496094
522,505.53271293640137,571.3041305541992,595.2454805374146,669.2537689208984
523,506.0060691833496,571.9608688354492,594.5155763626099,648.9373779296875
524,505.9882593154907,571.9497680664062,595.1723527908325,646.5538787841797
525,505.98315238952637,571.9401168823242,599.4564628601074,649.4725799560547
526,505.95598697662354,572.0082473754883,599.1503477096558,650.9996032714844
527,503.3578062057495,572.0175933837891,597.8067541122437,654.400634765625
528,499.3343210220337,570.8479690551758,594.1196393966675,660.6228637695312
529,493.6615991592407,570.57861328125,592.0017671585083,674.4049835205078
530,486.4914321899414,563.7525177001953,592.1334314346313,674.2551422119141
531,454.96118545532227,555.8818817138672,593.1061506271362,674.0846252441406
532,444.29084300994873,553.6642456054688,594.0729475021362,666.6316223144531
533,437.0247173309326,548.8430786132812,594.1207981109619,664.1586303710938
534,432.3738098144531,545.8596038818359,593.4920024871826,662.0150756835938
535,425.92140197753906,543.3993530273438,592.9192543029785,661.8241119384766
536,422.7308177947998,540.8076858520508,592.8281450271606,660.9268188476562
537,421.13024711608887,539.3215942382812,591.656813621521,659.9034118652344
538,418.2227325439453,536.999397277832,590.2924919128418,659.1448974609375
539,416.6938304901123,534.9439239501953,590.4168605804443,657.4983215332031
540,417.2918128967285,533.521728515625,589.9064254760742,655.4299926757812
541,416.3074207305908,530.1720428466797,590.0295925140381,654.0690612792969
542,415.69793701171875,530.6947708129883,590.1021194458008,654.2308044433594
543,413.5787773132324,529.5631790161133,589.2521381378174,654.1822052001953
544,412.553915977478,530.1010894775391,589.2919206619263,654.0877532958984
545,412.7342891693115,529.6771240234375,589.3585252761841,654.1105651855469
546,412.64541149139404,529.6304321289062,589.2447996139526,654.2625427246094
547,411.87950134277344,529.1350555419922,587.9021501541138,654.2919921875
548,410.5802392959595,527.5041961669922,587.0123863220215,654.1374206542969
549,408.91465187072754,526.6643142700195,586.2957859039307,652.6335144042969
550,407.80065536499023,521.2520599365234,585.3348255157471,651.6339874267578
551,408.364520072937,517.6730346679688,585.5178165435791,650.1792907714844
552,408.7964630126953,511.3877487182617,584.7429800033569,648.6454772949219
553,409.2497777938843,507.3817443847656,585.3313493728638,648.9292907714844
554,409.8132562637329,508.6320114135742,585.5046844482422,648.9808654785156
555,410.55564880371094,510.71266174316406,586.8115425109863,648.8105773925781
556,410.74185848236084,512.0717239379883,588.3782529830933,648.9555358886719
557,410.8635663986206,512.767333984375,589.352216720581,648.8384246826172
558,411.69801235198975,513.1644821166992,589.4336700439453,648.8542175292969
559,412.86625385284424,513.4038543701172,589.4124269485474,648.5420227050781
560,413.54384422302246,514.1110992431641,588.155951499939,647.3223876953125
561,414.4050693511963,515.1384735107422,587.1307468414307,646.6751098632812
562,414.7256898880005,515.7286834716797,586.9972372055054,646.4964294433594
563,415.1748847961426,515.7691192626953,588.2493782043457,646.2189483642578
564,415.4615592956543,515.775260925293,588.7438488006592,645.9342193603516
565,415.77539920806885,515.844841003418,587.7042245864868,645.704345703125
566,415.9592914581299,516.578483581543,585.4259777069092,642.2554016113281
567,415.9994602203369,518.1166458129883,581.51535987854,642.6683044433594
568,416.2091875076294,518.9791107177734,581.3509941101074,642.8955841064453
569,416.1249876022339,518.8884735107422,568.2848596572876,634.4611358642578
570,415.660343170166,517.1635055541992,566.0136079788208,642.9932403564453
571,414.86937046051025,516.8235397338867,534.8336362838745,642.6530456542969
572,413.4459972381592,513.4041595458984,531.105580329895,626.2049102783203
573,413.1428861618042,511.3443374633789,529.2228841781616,613.9078903198242
574,412.2557830810547,511.79344177246094,531.0770416259766,602.5218963623047
575,412.2319221496582,510.167236328125,526.3766956329346,592.6996994018555
576,412.1504259109497,510.2402114868164,523.766713142395,592.5009155273438
577,410.699200630188,510.5409240722656,525.9568977355957,594.375
578,408.13488006591797,512.3593139648438,522.521481513977,588.9473724365234
579,406.97088718414307,515.190544128418,515.6489324569702,584.8148727416992
580,406.83029651641846,515.9080123901367,512.4230289459229,587.0985794067383
581,406.7438220977783,516.8021774291992,514.6796894073486,582.1858978271484
582,406.99058532714844,516.7020416259766,514.1033792495728,582.1979904174805
583,403.7597894668579,517.6176834106445,510.4455757141113,578.3888626098633
584,405.54086208343506,517.6737213134766,512.1729183197021,582.1640014648438
585,407.83764839172363,516.5167999267578,525.5698442459106,581.4589309692383
586,408.37396144866943,516.5004348754883,524.2051792144775,571.1650848388672
587,408.3849906921387,516.4862823486328,528.9216184616089,572.9689788818359
588,404.0518283843994,517.6110076904297,528.2517528533936,573.7495040893555
589,404.4367790222168,510.7372283935547,533.8133668899536,574.0901565551758
590,405.5641222000122,506.9017791748047,532.4257850646973,580.3945159912109
591,406.42255783081055,507.4998474121094,531.482720375061,582.2980499267578
592,408.034029006958,507.29148864746094,531.1276817321777,585.1031494140625
593,409.0100955963135,506.44775390625,531.1428308486938,587.187385559082
594,409.08695697784424,505.6217956542969,534.9074506759644,585.363655090332
595,401.13624572753906,505.9591293334961,533.8737916946411,586.5340042114258
596,400.3026580810547,506.05125427246094,531.2326097488403,587.3210906982422
597,398.8489866256714,506.23355865478516,530.5842876434326,588.4160232543945
598,403.24931144714355,506.6024398803711,531.4358568191528,584.7236251831055
599,403.9555263519287,505.49510955810547,531.3672351837158,603.0842971801758
600,404.63603496551514,508.67164611816406,531.2303352355957,600.6508255004883
601,405.4900932312012,514.9853515625,531.0964393615723,598.7401580810547
602,402.95851707458496,517.126579284668,530.7216167449951,597.6934051513672
603,404.87563133239746,516.3251495361328,531.2596464157104,593.9921188354492
604,406.79622173309326,515.9114837646484,539.3176460266113,596.3405227661133
605,408.5075569152832,515.526008605957,530.0282764434814,595.974006652832
606,409.340500831604,515.2785491943359,524.0384531021118,596.4191436767578
607,409.2111539840698,515.2084350585938,523.0440616607666,603.0026245117188
608,409.1494846343994,513.5518646240234,521.6042518615723,605.4988479614258
609,409.08687114715576,513.7058258056641,519.6192026138306,610.7780838012695
610,408.5456657409668,515.3879928588867,520.3035306930542,607.6491546630859
611,408.38228702545166,516.1411666870117,520.9913349151611,606.2812042236328
612,408.2089948654175,517.3408889770508,522.1851110458374,604.6315383911133
613,408.1821298599243,517.9973220825195,522.6085138320923,601.2757110595703
614,408.1584405899048,518.3510208129883,521.3089084625244,599.7048187255859
615,408.1413173675537,518.2932281494141,521.0105180740356,600.1899337768555
616,408.1443214416504,515.6538772583008,520.9407377243042,600.1808547973633
617,408.47228050231934,513.4239959716797,521.0827016830444,603.2134246826172
618,408.5154104232788,512.011833190918,519.9810647964478,603.0533981323242
619,408.366322517395,510.4155731201172,518.9670610427856,602.2373580932617
620,408.36241722106934,506.12098693847656,520.7752561569214,600.9311676025391
621,408.54875564575195,507.0514678955078,518.1694793701172,599.4854736328125
622,408.5455799102783,509.3153381347656,517.5693511962891,592.7793502807617
623,408.6420965194702,509.5433807373047,517.7256488800049,593.1163787841797
624,408.7498140335083,509.1973114013672,526.2254619598389,604.233512878418
625,408.7971067428589,508.49925994873047,526.3840341567993,603.7172698974609
626,408.7964630126953,508.511962890625,517.0635938644409,596.9361114501953
627,408.6862564086914,508.4027099609375,513.8836097717285,593.1074905395508
628,408.06535720825195,508.8420104980469,512.611813545227,593.0359649658203
629,407.68967628479004,508.87184143066406,511.24714851379395,593.5616302490234
630,406.77626609802246,509.21932220458984,509.7981119155884,595.6203460693359
631,406.775279045105,509.2351531982422,509.67936515808105,603.8053512573242
632,406.0236167907715,513.8097381591797,506.6675662994385,608.7775421142578
633,406.05932235717773,513.5878372192383,504.6114921569824,604.0261840820312
634,406.23021125793457,513.3994293212891,500.49500942230225,583.8740921020508
635,406.2507677078247,515.2619552612305,496.0467052459717,571.8427276611328
636,405.5758810043335,516.7075347900391,498.79002571105957,569.4741821289062
637,405.03695011138916,517.4557495117188,500.08336544036865,562.1070098876953
638,405.0505542755127,518.827018737793,491.60337924957275,553.0511474609375
639,404.6595525741577,521.4313507080078,453.63853454589844,526.916389465332
640,404.7085189819336,524.4431686401367,450.5684566497803,522.056884765625
641,402.94783115386963,526.9791412353516,430.87027072906494,518.8484954833984
642,401.3368320465088,526.8436813354492,428.81187915802,515.8229446411133
643,399.2671537399292,525.770149230957,431.4155101776123,512.100830078125
644,398.4163999557495,525.1647186279297,428.59635829925537,510.4231643676758
645,397.88596630096436,523.746452331543,428.88813972473145,509.8741149902344
646,397.9058361053467,523.5465240478516,447.96701431274414,517.493896484375
647,398.1047487258911,521.6642379760742,441.57533168792725,514.5280075073242
648,398.3428430557251,520.6893920898438,432.64177322387695,510.7809829711914
649,398.2521629333496,520.7168579101562,429.485821723938,510.6694030761719
650,398.3059358596802,520.3530883789062,431.77732944488525,512.7056121826172
651,398.3562755584717,520.7653045654297,427.6449251174927,514.381217956543
652,390.6595802307129,522.3386764526367,430.69268703460693,515.0502395629883
653,388.3563995361328,522.3078155517578,476.5282917022705,545.3519821166992
654,380.9327745437622,519.6084594726562,475.63475131988525,543.3710861206055
655,373.7140703201294,515.2392578125,426.0125541687012,512.0685958862305
656,369.2482566833496,509.0510559082031,417.42669582366943,506.84715270996094
657,371.11610412597656,509.10755157470703,423.3293151855469,509.34844970703125
658,370.41027545928955,508.5169982910156,419.75154876708984,509.8541259765625
659,368.09439182281494,508.71665954589844,416.5056896209717,509.66407775878906
660,366.37146949768066,508.66172790527344,411.8813467025757,508.84544372558594
661,364.67597007751465,507.43247985839844,407.31034755706787,508.5298156738281
662,365.7459783554077,507.3765182495117,405.634503364563,507.2608947753906
663,367.22960472106934,507.7665710449219,407.30382442474365,506.75296783447266
664,367.87410736083984,508.2046127319336,408.6701202392578,507.2971725463867
665,368.58598709106445,508.2666015625,408.149471282959,507.30350494384766
666,367.5824975967407,508.2275390625,406.5420341491699,506.0022735595703
667,365.6834077835083,506.30558013916016,409.2875862121582,506.2067413330078
668,361.4971446990967,501.9832229614258,409.84209537506104,505.92769622802734
669,346.48183822631836,490.8769989013672,469.05080795288086,555.742073059082
670,339.8685836791992,489.5879364013672,455.3930425643921,539.4097900390625
671,333.2543420791626,485.0928497314453,395.31121730804443,507.8437805175781
672,332.1179223060608,485.9984588623047,399.9784755706787,509.4670104980469
673,335.51681756973267,484.90196228027344,475.74787616729736,554.5577239990234
674,339.3126153945923,487.0423889160156,479.52043533325195,564.2404174804688
675,337.5985336303711,486.27342224121094,469.36636447906494,551.3472747802734
676,339.1487431526184,486.53907775878906,396.54773712158203,501.8174743652344
677,338.2607388496399,487.53936767578125,400.73915004730225,509.53929901123047
678,340.03408670425415,493.10386657714844,410.88927268981934,514.0255737304688
679,338.6526846885681,491.03065490722656,409.5916414260864,517.381477355957
680,342.0593047142029,494.3932342529297,428.4837055206299,518.9586639404297
681,342.2764992713928,494.33753967285156,429.4601583480835,512.7849578857422
682,351.7921829223633,494.5557403564453,429.17189598083496,507.75501251220703
683,348.8875222206116,494.51683044433594,430.4448080062866,509.8937225341797
684,346.8975806236267,485.4181671142578,431.4544343948364,511.4966583251953
685,335.4956388473511,486.3939666748047,430.85121631622314,512.534065246582
686,335.8461928367615,486.8804931640625,425.0798749923706,515.3645706176758
687,331.3741135597229,491.4473342895508,422.62704849243164,521.1348342895508
688,332.87097930908203,510.4150390625,417.84374713897705,529.0006637573242
689,329.0044569969177,494.03392791748047,418.76063346862793,552.6039886474609
690,326.36194467544556,488.38626861572266,423.0076217651367,542.6945114135742
691,325.0940537452698,486.8027877807617,422.51396656036377,539.92919921875
692,326.80309295654297,487.41527557373047,423.7543058395386,533.0524826049805
693,324.18956995010376,486.6874313354492,427.3633575439453,531.9834518432617
694,323.332142829895,485.27339935302734,428.9697217941284,531.7017364501953
695,324.62151288986206,484.91641998291016,428.77527236938477,530.439338684082
696,325.3721237182617,483.6639404296875,428.5063648223877,530.4631805419922
697,331.71181440353394,479.05555725097656,424.0348434448242,525.4734039306641
698,329.7967600822449,480.4338836669922,417.4201726913452,524.4417572021484
699,329.97005224227905,481.22074127197266,409.7577667236328,531.1560821533203
700,328.6222314834595,481.9502258300781,398.0073308944702,527.0242309570312
701,326.49489641189575,483.1584930419922,398.61149311065674,524.1579437255859
702,325.9698700904846,484.4147491455078,396.30955696105957,524.3500518798828
703,322.85104036331177,483.49300384521484,400.43131828308105,539.9912643432617
704,321.48940086364746,481.5029525756836,392.7139377593994,517.0041656494141
705,321.5591812133789,481.25614166259766,400.59388160705566,513.7621307373047
706,319.5591974258423,481.11907958984375,416.96595668792725,510.8638000488281
707,319.40242767333984,480.5739974975586,415.3744840621948,506.96197509765625
708,319.7563076019287,480.4999542236328,414.6495580673218,504.81658935546875
709,319.9634599685669,480.4950714111328,418.5414218902588,503.51585388183594
710,320.32706022262573,480.2825164794922,419.30359840393066,504.5941925048828
711,319.26363945007324,478.9278793334961,418.1830358505249,506.2058639526367
712,319.55454111099243,478.91979217529297,413.0627202987671,506.2368392944336
713,320.4598617553711,479.0204620361328,400.4340648651123,506.6326141357422
714,317.1534490585327,478.9692687988281,392.78371810913086,507.1246337890625
715,317.66695261001587,478.98204803466797,380.4759407043457,499.49012756347656
716,318.4812927246094,479.3633270263672,377.4551725387573,500.38177490234375
717,320.0503635406494,479.3878173828125,374.23686504364014,493.2596969604492
718,323.54461669921875,478.91265869140625,371.530237197876,496.57413482666016
719,325.4252314567566,478.6180114746094,371.4485692977905,498.094482421875
720,326.6979932785034,478.3972930908203,371.7649841308594,497.9564666748047
721,326.9210886955261,477.9705047607422,372.7562427520752,492.02816009521484
722,326.83862686157227,477.5191116333008,373.41726779937744,490.328369140625
723,326.7399001121521,477.5331115722656,374.5232820510864,492.5145721435547
724,326.15914821624756,476.0856246948242,368.7532711029053,490.09449005126953
725,326.065034866333,477.61322021484375,367.9898500442505,491.4847183227539
726,324.85211849212646,478.40904235839844,359.858980178833,490.4280471801758
727,324.8335361480713,476.654052734375,360.94422340393066,485.5607223510742
728,325.87918996810913,475.4349899291992,362.73911476135254,487.3383331298828
729,327.95549869537354,474.92332458496094,363.60235691070557,487.1427536010742
730,329.42994117736816,475.05531311035156,367.0673418045044,486.2809371948242
731,329.11547899246216,475.1323699951172,367.1280241012573,488.8037872314453
732,328.9018249511719,475.19813537597656,368.3597803115845,493.8903045654297
733,329.9205708503723,477.29583740234375,370.51498889923096,502.67555236816406
734,328.0637526512146,477.2891616821289,368.84416580200195,501.19117736816406
735,321.1566996574402,482.0907211303711,358.0403137207031,498.5469055175781
736,307.74001121520996,487.4950408935547,361.3415765762329,529.3272018432617
737,292.01340436935425,491.42906188964844,350.90563774108887,517.8407669067383
738,279.83471632003784,495.60604095458984,353.4462261199951,523.4879684448242
739,259.8525381088257,498.89476776123047,350.16762256622314,521.4127349853516
740,251.9830870628357,499.7148895263672,352.9125952720642,517.6312255859375
741,247.22362518310547,499.9252700805664,354.53805685043335,517.1126174926758
742,245.85572004318237,501.4875030517578,354.8250961303711,507.25921630859375
743,244.89737749099731,502.65533447265625,355.1306104660034,497.59498596191406
744,244.1539978981018,503.5922622680664,355.18914699554443,495.4342269897461
745,243.73435020446777,504.2222595214844,351.64785861968994,494.0696716308594
746,242.88297414779663,504.15863037109375,345.4304766654968,489.92225646972656
747,240.50475597381592,503.95301818847656,338.92714977264404,484.7480773925781
748,240.02069234848022,504.40406799316406,331.2289524078369,483.63330841064453
749,241.91458940505981,504.4046401977539,327.3602628707886,481.81373596191406
750,243.13771963119507,504.08817291259766,328.57648372650146,479.16053771972656
751,242.774977684021,503.8666534423828,330.3499388694763,480.97034454345703
752,243.1202530860901,503.83426666259766,331.330361366272,480.5649948120117
753,243.60290050506592,502.40501403808594,332.45364904403687,481.7978286743164
754,243.89942407608032,502.2698211669922,335.1650404930115,482.1480178833008
755,244.0111541748047,501.47010803222656,341.73572301864624,497.8569793701172
756,244.24560070037842,501.45042419433594,343.2189416885376,497.78614044189453
757,242.81293630599976,500.8718490600586,356.18993282318115,520.1624298095703
758,242.97715187072754,500.9027862548828,360.54060459136963,549.8907470703125
759,242.3826241493225,500.76183319091797,356.6571307182312,529.5388793945312
760,241.01630687713623,501.2830352783203,361.53950214385986,519.0261840820312
761,240.30492067337036,501.2787628173828,372.0219612121582,512.1385955810547
762,239.93335962295532,501.5616226196289,369.0397310256958,510.9067916870117
763,239.05155658721924,501.26232147216797,367.0733070373535,518.3530426025391
764,238.35137128829956,501.0710144042969,364.4300651550293,516.6329956054688
765,236.79736375808716,499.61483001708984,363.8338851928711,508.1686782836914
766,236.87592029571533,498.536376953125,362.6272773742676,507.2886276245117
767,234.88260984420776,488.5250473022461,351.8073105812073,507.20531463623047
768,235.27208805084229,485.42747497558594,373.0454921722412,491.7023468017578
769,235.55983543395996,484.70699310302734,373.7570285797119,495.2291488647461
770,234.17349815368652,482.1295166015625,392.56454944610596,492.8028106689453
771,234.07125234603882,484.3152618408203,394.9681520462036,493.1906509399414
772,238.71962785720825,485.4713821411133,402.11467266082764,492.54573822021484
773,240.9153699874878,486.1623764038086,399.6702575683594,490.81825256347656
774,241.9717526435852,486.54747009277344,396.8567705154419,488.64646911621094
775,241.8358826637268,487.6687240600586,377.2237300872803,482.3377990722656
776,242.57574319839478,487.8101348876953,385.15761852264404,474.2249298095703
777,243.42705488204956,489.3033981323242,381.95209980010986,467.11814880371094
778,243.2759714126587,489.34226989746094,364.77149963378906,465.19100189208984
779,243.53305578231812,489.7041320800781,315.0429368019104,470.66062927246094
780,243.3834743499756,492.66040802001953,296.87766551971436,473.1739807128906
781,243.05989265441895,493.34598541259766,282.1816062927246,473.8373565673828
782,242.6013422012329,494.6685028076172,276.6416645050049,474.0256881713867
783,240.722336769104,496.3069534301758,272.0610737800598,474.3290328979492
784,239.72176551818848,497.0049285888672,275.17483949661255,475.15625
785,239.26948070526123,497.31204986572266,272.8114056587219,475.2294158935547
786,238.32639455795288,498.96873474121094,275.3037142753601,470.7521438598633
787,237.824285030365,500.9741973876953,268.4627079963684,477.11647033691406
788,237.3793387413025,501.06739044189453,271.6742777824402,477.80323028564453
789,237.3903250694275,501.1051940917969,280.1152753829956,478.44688415527344
790,237.09227800369263,500.79647064208984,285.47353506088257,475.50926208496094
791,237.2065830230713,501.30138397216797,312.8460359573364,461.43096923828125
792,237.03296899795532,501.1984634399414,311.43611669540405,462.66666412353516
793,237.04569339752197,501.14356994628906,307.2987127304077,462.39051818847656
794,237.02427864074707,500.3809356689453,309.96306896209717,463.6183166503906
795,237.0845103263855,500.73577880859375,333.80337953567505,461.45057678222656
796,234.00938987731934,500.57056427001953,339.6098041534424,462.5223922729492
797,217.95124053955078,497.6600646972656,278.8895916938782,463.98983001708984
798,203.33045482635498,487.6398468017578,290.31760454177856,460.3697967529297
799,178.08653354644775,466.17725372314453,370.58258056640625,481.04846954345703
800,162.52386331558228,444.60262298583984,369.5208978652954,487.49290466308594
801,149.65012907981873,433.1641387939453,359.05667781829834,483.85196685791016
802,147.44831442832947,429.9876403808594,350.5516719818115,481.23287200927734
803,143.72289776802063,427.9413604736328,368.33609104156494,483.05843353271484
804,142.5116765499115,427.6662826538086,360.6254482269287,481.60449981689453
805,139.28948521614075,425.18260955810547,359.71158742904663,480.7712936401367
806,139.0241825580597,423.6376190185547,355.5439496040344,480.23303985595703
807,138.85287523269653,425.2049255371094,357.6743745803833,480.0033950805664
808,137.46758937835693,427.39402770996094,356.5631675720215,481.02001190185547
809,137.84300208091736,426.6300582885742,358.9104223251343,480.7427215576172
810,138.50540041923523,427.34031677246094,361.4641857147217,480.63507080078125
811,137.2164487838745,426.13895416259766,371.77558422088623,484.51602935791016
812,137.51869082450867,426.1221694946289,373.98173332214355,489.5423126220703
813,138.03945779800415,424.9399185180664,358.73215198516846,489.58274841308594
814,137.42002844810486,422.77217864990234,367.8246259689331,495.74501037597656
815,138.02600383758545,421.7285919189453,350.7759475708008,513.5134124755859
816,138.53883147239685,422.37491607666016,292.66091108322144,520.1226043701172
817,138.68650317192078,422.1343231201172,281.56688690185547,518.2272338867188
818,138.71631860733032,422.52174377441406,297.0206594467163,524.712028503418
819,139.56952929496765,422.79857635498047,291.70928478240967,514.8251342773438
820,142.36340403556824,422.9383850097656,351.1875915527344,506.7484664916992
821,142.15564012527466,422.99205780029297,362.7485990524292,500.7426452636719
822,141.93508744239807,422.72743225097656,368.32926750183105,495.75950622558594
823,141.48388624191284,422.64625549316406,356.02951526641846,468.07361602783203
824,141.161527633667,422.95433044433594,302.22350120544434,440.3960418701172
825,141.1406707763672,422.9808807373047,255.16148328781128,391.5675735473633
826,141.53871059417725,423.0077362060547,257.26982831954956,370.98812103271484
827,142.69466757774353,423.0003356933594,227.20818758010864,402.47352600097656
828,142.82413244247437,422.545166015625,196.1057424545288,385.80894470214844
829,143.12294125556946,422.58018493652344,185.35147905349731,346.4996337890625
830,143.68945598602295,422.5894546508789,203.16924333572388,356.3965606689453
831,143.34089756011963,423.9684295654297,185.92461347579956,382.47325897216797
832,142.00247526168823,423.9649200439453,187.4069094657898,383.06251525878906
833,141.62136554718018,420.6444549560547,206.74018621444702,354.72965240478516
834,138.4862494468689,420.7674026489258,174.45443630218506,367.9950714111328
835,138.83386373519897,419.85633850097656,210.30492782592773,341.28021240234375
836,139.0313708782196,419.87979888916016,211.30088567733765,345.29407501220703
837,135.8053708076477,412.9683303833008,213.1955337524414,340.21121978759766
838,122.14595317840576,447.82352447509766,204.7598361968994,348.8300323486328
839,120.63657760620117,439.2173385620117,202.91016340255737,347.30194091796875
840,124.09000754356384,382.6991653442383,204.46479320526123,340.35552978515625
841,122.18823552131653,361.86912536621094,208.23256731033325,336.56490325927734
842,122.33978033065796,360.4656219482422,209.550883769989,334.89917755126953
843,122.85504341125488,340.7579040527344,208.643159866333,330.1165008544922
844,127.88732886314392,338.54793548583984,208.98680448532104,331.3898468017578
845,132.58771777153015,342.4287414550781,209.44741487503052,330.5591583251953
846,132.7110779285431,341.9601821899414,210.56503772735596,329.9272918701172
847,123.52333188056946,331.7870330810547,211.27251863479614,331.14551544189453
848,107.30114936828613,329.56809997558594,218.65902185440063,332.8186798095703
849,95.82862257957458,325.87268829345703,241.59311056137085,333.60931396484375
850,94.0089476108551,324.96700286865234,234.5027232170105,334.2629623413086
851,100.95636248588562,332.4525451660156,221.56975507736206,334.58900451660156
852,106.33537173271179,335.9375,214.19344425201416,334.6880340576172
853,123.45655560493469,337.2669219970703,217.8536295890808,336.52347564697266
854,131.55640840530396,338.5498809814453,250.05753993988037,336.5827941894531
855,137.97529935836792,338.76129150390625,251.25539302825928,336.6775131225586
856,141.65724277496338,344.06307220458984,228.147132396698,343.4673309326172
857,143.29829335212708,346.91490173339844,207.41363525390625,344.8237609863281
858,141.4285683631897,346.4824676513672,206.29026174545288,344.67620849609375
859,139.3037223815918,345.08800506591797,213.40678453445435,344.31568145751953
860,138.56586813926697,344.7547912597656,211.65997982025146,345.59566497802734
861,141.0350775718689,344.45323944091797,213.35150957107544,340.39222717285156
862,146.52700781822205,336.20861053466797,212.4356746673584,338.46656799316406
863,144.53754901885986,332.18727111816406,207.84491300582886,337.8477478027344
864,143.57391715049744,330.8134078979492,205.12107610702515,337.8765106201172
865,147.3796284198761,330.23815155029297,201.6726779937744,335.9760284423828
866,146.42390370368958,328.36658477783203,201.75582647323608,339.25254821777344
867,146.74636960029602,329.67891693115234,197.40824460983276,346.39549255371094
868,146.22979760169983,329.4947052001953,222.93798208236694,337.3566436767578
869,145.8251917362213,328.8902282714844,229.8223114013672,329.8208236694336
870,144.55408215522766,328.95748138427734,218.4376859664917,334.5773696899414
871,143.76516938209534,329.39754486083984,208.68416547775269,337.46753692626953
872,143.20429801940918,331.8059539794922,198.9877223968506,343.9226531982422
873,140.85668921470642,333.4363555908203,196.14153385162354,345.17784118652344
874,139.44414138793945,333.5698699951172,184.67337369918823,359.6697235107422
875,128.8648545742035,331.0538101196289,185.66036224365234,363.3289337158203
876,113.91196846961975,327.8775405883789,189.94269132614136,361.40769958496094
877,116.82531952857971,327.30003356933594,189.98923301696777,365.50559997558594
878,118.5790228843689,327.71087646484375,193.49518060684204,365.90599060058594
879,121.00803136825562,327.9810333251953,195.73179960250854,363.46424102783203
880,132.92280077934265,329.7702407836914,192.50641107559204,362.09503173828125
881,141.63960456848145,329.8366165161133,186.9537878036499,358.19358825683594
882,145.75243949890137,330.7635498046875,173.64136219024658,348.8772201538086
883,143.90516996383667,336.0631561279297,170.6258726119995,345.4153060913086
884,142.6846146583557,340.0104522705078,171.6859245300293,343.9973449707031
885,141.7125391960144,347.28485107421875,176.16438746452332,361.18541717529297
886,139.21409368515015,364.7404098510742,189.61286544799805,394.9925231933594
887,123.26631188392639,417.9146194458008,201.4390254020691,357.98240661621094
888,123.73376727104187,434.7862243652344,208.3585238456726,353.30528259277344
889,131.6603708267212,427.39784240722656,203.8871955871582,352.6499938964844
890,136.2019944190979,421.55784606933594,203.59339714050293,349.9768829345703
891,138.64808320999146,427.8953170776367,182.95221090316772,354.60941314697266
892,141.4063060283661,423.6170959472656,149.96240258216858,355.0730514526367
893,142.4064803123474,423.90296936035156,151.1588716506958,362.12329864501953
894,142.16612219810486,421.3359069824219,130.97198724746704,358.8213348388672
895,141.734619140625,421.9779586791992,134.93032693862915,363.1161880493164
896,142.25307941436768,420.39634704589844,142.1173059940338,365.87974548339844
897,142.0778775215149,419.95899200439453,146.91444754600525,377.4187469482422
898,142.194242477417,420.0685119628906,149.30596947669983,383.98860931396484
899,143.95689368247986,420.9149169921875,145.51305770874023,382.64392852783203
900,144.12970304489136,421.4570999145508,144.1519010066986,380.9478759765625
901,143.98780345916748,420.889892578125,138.34179639816284,378.7937927246094
902,143.8536822795868,422.29248046875,139.08584117889404,376.1238098144531
903,146.1198914051056,422.0613098144531,133.9209258556366,375.5862808227539
904,147.1561574935913,419.91092681884766,135.54435968399048,377.79178619384766
905,147.403746843338,418.36570739746094,137.42297887802124,380.9414291381836
906,146.90783858299255,417.02342987060547,148.30154657363892,393.69991302490234
907,146.32238745689392,416.9068145751953,148.14370393753052,392.01595306396484
908,146.18553042411804,415.9806442260742,147.8558385372162,391.16405487060547
909,145.53726196289062,414.58229064941406,150.56288480758667,395.5238723754883
910,143.0571949481964,414.42359924316406,150.40842175483704,398.46351623535156
911,142.58417129516602,415.2776336669922,150.1025426387787,403.76331329345703
912,139.19338703155518,416.3614273071289,151.99273824691772,409.76097106933594
913,138.40728521347046,415.9238052368164,218.4982395172119,430.77709197998047
914,138.56404423713684,415.9539031982422,251.33268356323242,448.6479949951172
915,138.61626148223877,415.8902359008789,272.5139808654785,451.2036895751953
916,136.61337018013,415.90538024902344,336.6888999938965,482.9136276245117
917,135.3614330291748,415.91907501220703,344.3531084060669,493.32725524902344
918,134.999817609787,416.70127868652344,325.70849418640137,484.36485290527344
919,135.24531483650208,416.69803619384766,318.6680603027344,482.9971694946289
920,135.0929868221283,417.1255111694336,338.9743137359619,467.0039367675781
921,135.2598738670349,416.8910217285156,248.78235340118408,449.90039825439453
922,135.38000464439392,418.1394958496094,317.3551082611084,449.90535736083984
923,133.32260012626648,418.2668685913086,355.6661081314087,462.5295639038086
924,133.57441663742065,417.97183990478516,364.08966064453125,468.8159942626953
925,133.74881386756897,417.9776382446289,391.8707799911499,487.82508850097656
926,133.86242151260376,419.24720764160156,390.5782127380371,485.25577545166016
927,133.95224332809448,419.20467376708984,385.29258728027344,484.127197265625
928,133.99301290512085,418.5866928100586,275.10958671569824,454.72755432128906
929,133.897944688797,418.66004943847656,252.76185035705566,451.07166290283203
930,133.8764762878418,418.68167877197266,288.8256525993347,454.07386779785156
931,133.98485898971558,419.00577545166016,287.6377773284912,455.3495788574219
932,134.0180540084839,419.3451690673828,297.2919273376465,456.14253997802734
933,134.04396414756775,418.9604949951172,275.9070825576782,448.31764221191406
934,135.5279552936554,416.5958023071289,220.59001922607422,445.8045959472656
935,137.15147495269775,415.43373107910156,305.65584897994995,454.12601470947266
936,137.7387285232544,414.0352249145508,302.4584627151489,455.2490997314453
937,137.82252073287964,410.76908111572266,170.4112958908081,435.3048324584961
938,137.19891786575317,405.3739929199219,174.8985457420349,431.75392150878906
939,137.16875910758972,406.8564224243164,171.2806212902069,426.82281494140625
940,137.05281257629395,407.68863677978516,157.46379017829895,427.7660369873047
941,137.0682942867279,408.14918518066406,172.12223410606384,430.4890441894531
942,137.06167459487915,408.4893798828125,177.3653519153595,430.3759002685547
943,136.89538836479187,408.62911224365234,153.20648074150085,427.41127014160156
944,136.94791674613953,409.0122604370117,150.74615478515625,426.1625289916992
945,137.15450048446655,409.4045639038086,181.28713846206665,429.9400329589844
946,137.08014965057373,410.17398834228516,156.6183364391327,425.8639144897461
947,137.0954704284668,410.38475036621094,169.27825570106506,437.50587463378906
948,137.1564531326294,411.0643768310547,164.43881034851074,458.6035919189453
949,137.32925176620483,411.26529693603516,148.2321310043335,433.20674896240234
950,137.7183973789215,411.7161560058594,149.7402834892273,430.3927993774414
951,137.96783208847046,412.5464630126953,149.68963265419006,428.42540740966797
952,138.59716415405273,412.5471878051758,148.77021431922913,428.7003707885742
953,139.35806393623352,412.79136657714844,149.55446004867554,429.3758773803711
954,139.82934951782227,412.99842834472656,149.40866589546204,429.44774627685547
955,140.08869767189026,413.40118408203125,149.2446005344391,429.65415954589844
956,140.1503562927246,413.68919372558594,149.2598569393158,429.64344024658203
957,140.16606330871582,414.45011138916016,150.13575911521912,429.5213317871094
958,140.15084981918335,415.5229949951172,151.0928463935852,430.83274841308594
959,140.13628005981445,423.19530487060547,147.05222725868225,432.1699523925781
960,139.30134057998657,443.63609313964844,170.1923632621765,433.7189483642578
961,144.03470993041992,454.19349670410156,167.43839979171753,423.9405059814453
962,169.29452061653137,490.73131561279297,163.95046591758728,420.7530212402344
963,196.07327699661255,524.4516754150391,157.1875011920929,418.5193634033203
964,212.33574628829956,547.1891021728516,152.74407863616943,415.0889205932617
965,226.72393083572388,563.1177520751953,150.07874608039856,413.17291259765625
966,239.3733787536621,575.8819580078125,148.83277416229248,411.70825958251953
967,261.12600803375244,585.6281661987305,147.52408146858215,409.20528411865234
968,302.18429803848267,584.2387771606445,147.58155584335327,411.3169860839844
969,318.6004042625427,581.8836212158203,148.14398288726807,412.23899841308594
970,333.99911642074585,577.7027130126953,148.489408493042,412.48077392578125
971,354.21900272369385,582.1181488037109,145.99624156951904,414.28295135498047
972,366.4505195617676,576.8568801879883,138.7430441379547,428.92093658447266
973,373.02815437316895,580.214958190918,138.32243084907532,440.6395721435547
974,384.55092430114746,579.7689819335938,136.6256868839264,448.4850311279297
975,400.51337242126465,580.943489074707,136.28499269485474,459.69676971435547
976,438.99367332458496,584.9906539916992,136.13010048866272,496.80442810058594
977,457.8242826461792,600.3518676757812,136.63855075836182,523.5086059570312
978,465.33897399902344,617.5813674926758,137.03312516212463,559.5220184326172
979,462.9612064361572,649.5833587646484,137.40861296653748,601.6962814331055
980,458.73722076416016,753.1787872314453,138.4219515323639,711.4323425292969
981,430.99403858184814,821.7647552490234,138.71330380439758,788.6689758300781
982,430.2206611633301,865.9117889404297,148.6048400402069,873.0001068115234
983,426.2106513977051,919.7097015380859,155.8845055103302,954.4620513916016
984,433.12517166137695,1079.8946380615234,207.98840045928955,1077.5117492675781
985,437.36396312713623,1104.163818359375,255.18373489379883,1097.1044921875
986,438.25467109680176,1115.9603118896484,299.7156357765198,1093.4724426269531
987,442.45814323425293,1121.0191345214844,338.0966520309448,1079.534912109375
988,441.5109157562256,1128.6744689941406,347.94885635375977,1054.9481201171875
989,437.73775577545166,1124.542236328125,346.80557012557983,1048.3836364746094
990,430.21770000457764,1087.8875732421875,344.02941942214966,1042.1940612792969
991,415.2315330505371,1078.9445495605469,334.1382694244385,1033.8581848144531
992,416.50208473205566,1059.4871520996094,312.8519797325134,1014.7461700439453
993,415.6830883026123,1026.883544921875,307.87476539611816,975.9443664550781
994,416.15622997283936,992.0584106445312,290.6632661819458,934.6111297607422
995,416.91694736480713,959.7212982177734,278.11115026474,891.0070037841797
996,420.71735858917236,908.1034851074219,262.7576279640198,816.4250183105469
997,428.33264350891113,877.2093200683594,260.2312231063843,786.1643218994141
998,434.71278190612793,850.8232116699219,264.24691915512085,773.0270385742188
999,441.5548610687256,833.1767272949219,267.00448751449585,750.9632873535156
1000,453.163161277771,823.7144470214844,272.80237197875977,734.5344543457031
1001,461.85798168182373,816.2329864501953,282.5255513191223,735.3236389160156
1002,474.43342208862305,825.7054138183594,290.06335258483887,737.0113372802734
1003,493.3889579772949,845.0581359863281,297.39455938339233,746.5950012207031
1004,514.7097730636597,860.7051086425781,304.33010816574097,767.7858734130859
1005,523.871340751648,867.4947357177734,304.94474172592163,780.9992218017578
1006,529.9856615066528,871.8284606933594,302.8578758239746,788.3948516845703
1007,537.7869844436646,873.2419586181641,302.67730951309204,789.8933410644531
1008,528.7687969207764,853.9820861816406,278.13082695007324,791.1640930175781
1009,527.4156332015991,852.1488952636719,257.8137159347534,785.5825805664062
1010,511.5477705001831,775.2074432373047,237.84140825271606,775.3932952880859
1011,489.2780542373657,733.5395812988281,222.8400707244873,765.3017425537109
1012,463.45584869384766,648.7403106689453,180.23169994354248,744.4696044921875
1013,463.6745882034302,622.4457550048828,151.9327425956726,743.8507080078125
1014,466.70106410980225,621.032829284668,129.24453735351562,745.7474517822266
1015,467.850079536438,632.1518707275391,110.45026659965515,749.7722625732422
1016,509.93831634521484,686.4295959472656,57.74069666862488,796.5730285644531
1017,530.3048658370972,719.0483856201172,52.4590140581131,818.3296966552734
1018,539.1236686706543,763.4248352050781,47.391173243522644,850.4086303710938
1019,533.4736490249634,790.14892578125,80.04358649253845,757.4822235107422
1020,493.6357641220093,781.1575317382812,99.72723484039307,610.6452178955078
1021,447.660813331604,758.638916015625,85.21347999572754,554.299201965332
1022,422.17459201812744,719.4413757324219,50.54362714290619,514.9274444580078
1023,399.01811599731445,715.4037475585938,3.146737776696682,491.8906784057617
1024,356.8100595474243,716.5737915039062,37.074134051799774,464.3898391723633
1025,324.21379566192627,720.6684875488281,-67.79540777206421,228.6240005493164
1026,244.01851415634155,719.6209716796875,-92.39972949028015,273.10293197631836
1031,337.54364490509033,881.0544586181641,455.2863121032715,871.6403961181641
1034,340.74358463287354,891.4000701904297,439.07405376434326,871.5054321289062
1036,323.8107991218567,868.7394714355469,356.6964626312256,862.1501922607422
1037,332.1980667114258,872.1277618408203,356.7719507217407,859.903564453125
1038,334.099817276001,875.0646209716797,366.21015071868896,843.5717010498047
1039,336.9285178184509,874.1951751708984,365.4512357711792,847.3439025878906
1040,338.5284662246704,879.8585510253906,416.83154582977295,829.5194244384766
1041,342.14449167251587,884.2164611816406,413.5418701171875,828.3296203613281
1042,341.8418526649475,887.4464416503906,410.16709327697754,827.8355407714844
1043,342.67449617385864,887.3733520507812,407.8655433654785,831.3658142089844
1044,342.27797985076904,888.0134582519531,402.03575134277344,834.0855407714844
1046,319.9637818336487,887.1318054199219,432.7349853515625,869.630126953125
1047,334.17466163635254,886.9647979736328,442.57002353668213,850.8644866943359
1048,339.4500732421875,885.9586334228516,442.8476858139038,844.3885040283203
1049,339.06673192977905,884.94384765625,400.8545923233032,834.1307830810547
1050,336.2986493110657,884.0814208984375,399.5002269744873,828.8386535644531
1051,335.61151027679443,883.0438232421875,404.61406230926514,829.4449615478516
1052,334.5922923088074,883.3944702148438,403.48495960235596,824.7471618652344
1053,334.1748332977295,882.2871398925781,399.07111644744873,819.6458435058594
1054,336.3768410682678,882.7833557128906,403.5197639465332,826.9378662109375
1055,331.54266357421875,876.4983367919922,394.71031665802,823.4996032714844
1056,329.4952154159546,874.4549560546875,395.40022373199463,822.6613616943359
1057,333.8264465332031,875.4872894287109,398.82516860961914,825.3520965576172
1058,335.68236351013184,878.4642791748047,402.6373815536499,827.1829986572266
1059,335.33004999160767,878.8066101074219,405.2959442138672,827.9344177246094
1060,338.3178377151489,879.7484588623047,406.0339164733887,829.45556640625
1061,345.0937843322754,883.5760498046875,415.697078704834,827.6760101318359
1068,328.6234974861145,891.4913940429688,443.0581855773926,853.2928466796875
1069,332.3164701461792,891.26953125,446.36627197265625,862.7589416503906
1073,323.7738275527954,869.7198486328125,414.3174362182617,846.7304992675781
1074,332.61773586273193,885.3034210205078,410.0984287261963,840.8122253417969
1083,606.4284467697144,901.7026519775391,477.2480249404907,948.6578369140625
1085,382.3731851577759,813.8801574707031,326.9858908653259,847.9984283447266
1086,389.35697078704834,794.5381164550781,323.57354164123535,845.3138732910156
1087,389.06257152557373,797.3182678222656,323.74404430389404,844.6012878417969
1088,378.1743049621582,800.8351135253906,323.95424365997314,844.8277282714844
1089,373.383150100708,798.309326171875,324.0867877006531,844.9746704101562
1090,372.12165355682373,798.4053802490234,324.177725315094,845.0875091552734
1094,541.1437797546387,894.1506958007812,598.3434963226318,890.1827239990234
